date;weekly average date -6 months;weekly average date -5 months;weekly average date -4 months;weekly average date -3 months;weekly average date -2 months;weekly average date -1 months;;6 months average;;Balance
2020-05-03;-7556;-8021;-10102;-8792;2640;-11480;;-7218;;926296
2020-05-04;-7927;-9377;-9585;-10030;1363;-10813;;-7728;;918568
2020-05-05;-7960;-9272;-11358;-9920;251;-10093;;-8059;;901509
2020-05-06;-7960;-9020;-11722;-9920;7352;-9405;;-6779;;836872
2020-05-07;-7960;-10228;-8087;-2589;7292;-9058;;-5105;;831767
2020-05-08;-6337;-6591;-8087;-951;7134;-8810;;-3940;;827827
2020-05-09;-5989;-8208;-8087;-213;6918;-8746;;-4054;;803773
2020-05-10;-5334;-7824;-7668;-6929;6500;-8735;;-4998;;1346525
2020-05-11;-5630;-14487;-8138;-19080;5708;-8979;;-8434;;1338091
2020-05-12;-7765;-14487;-9646;-19080;4613;-9416;;-9297;;1328794
2020-05-13;-7765;-12656;-7742;-19080;3445;-10033;;-8972;;1290822
2020-05-14;-7765;-13933;-8228;-20479;2122;-10978;;-9877;;1280945
2020-04-15;-15004;-10468;-14719;-8228;-21574;1463;;-11422;;1269523
2020-04-16;-15004;-10566;-15380;-8228;-19754;977;;-11326;;1258197
2020-04-17;-15004;-12527;-20479;-12540;-24314;547;;-14053;;1149758
2020-04-18;-14106;-13156;-12459;-13405;-13290;290;;-11021;;1138737
2020-04-19;-15178;-11975;-12459;-11624;-13290;447;;-10680;;1128057
2020-04-20;-12100;-11975;-15287;-12687;-13290;683;;-10776;;1087281
2020-04-21;-11855;-11975;-12658;-13383;-14589;1560;;-10483;;1076798
2020-04-22;-8968;-9699;-11730;-13383;-11928;1960;;-8958;;1067840
2020-04-23;-8968;-9841;-9309;-13383;-16061;2127;;-9239;;1065601
2020-04-24;-8968;-8877;-4067;-9761;-13723;1917;;-7246;;1045355
2020-04-25;-10683;-8163;-4067;-10455;-10649;1599;;-7070;;1033285
2020-04-26;-17115;-8351;-4067;-11254;-10649;1091;;-8391;;1024894
2020-04-27;-19418;-8351;-15897;-11894;-10759;552;;-10961;;993933
2020-04-28;-17583;-8457;-16557;-10769;-13157;-357;;-11147;;982786
2020-04-29;-16180;-7642;-16054;-10879;-14083;-1288;;-11021;;971765
2020-04-30;-16180;-7402;-17595;-10879;-14083;-1907;;-11341;;960424
2020-05-01;-16055;-9880;-21916;-18127;-12729;-1698;;-13401;;934023
2020-05-01;-16055;-9880;-21916;-18127;-12729;-1698;;-13401;;920622
2020-05-02;-8898;-8780;-21916;-17211;-11659;-1555;;-11670;;908952
2020-05-03;-7556;-8021;-10102;-8792;2640;-11480;;-7218;;1033360
2020-05-04;-7927;-9377;-9585;-10030;1363;-10813;;-7728;;1025632
2020-05-05;-7960;-9272;-11358;-9920;251;-10093;;-8059;;1017573
2020-05-06;-7960;-9020;-11722;-9920;7352;-9405;;-6779;;1010794
2020-05-07;-7960;-10228;-8087;-2589;7292;-9058;;-5105;;924501
2020-05-08;-6337;-6591;-8087;-951;7134;-8810;;-3940;;864891
2020-05-09;-5989;-8208;-8087;-213;6918;-8746;;-4054;;860837
2020-05-10;-5334;-7824;-7668;-6929;6500;-8735;;-4998;;1376289
2020-05-11;-5630;-14487;-8138;-19080;5708;-8979;;-8434;;1367855
2020-05-12;-7765;-14487;-9646;-19080;4613;-9416;;-9297;;1358558
2020-05-13;-7765;-12656;-7742;-19080;3445;-10033;;-8972;;1349586
2020-05-14;-7765;-13933;-8228;-20479;2122;-10978;;-9877;;1297709
2020-04-15;-15004;-10468;-14719;-8228;-21574;1463;;-11422;;1266287
2020-04-16;-15004;-10566;-15380;-8228;-19754;977;;-11326;;1254961
2020-04-17;-15004;-12527;-20479;-12540;-24314;547;;-14053;;1240908
2020-04-18;-14106;-13156;-12459;-13405;-13290;290;;-11021;;1229887
2020-04-19;-15178;-11975;-12459;-11624;-13290;447;;-10680;;1219207
2020-04-20;-12100;-11975;-15287;-12687;-13290;683;;-10776;;1208431
2020-04-21;-11855;-11975;-12658;-13383;-14589;1560;;-10483;;1164948
2020-04-22;-8968;-9699;-11730;-13383;-11928;1960;;-8958;;1145990
2020-04-23;-8968;-9841;-9309;-13383;-16061;2127;;-9239;;1143751
2020-04-24;-8968;-8877;-4067;-9761;-13723;1917;;-7246;;1131505
2020-04-25;-10683;-8163;-4067;-10455;-10649;1599;;-7070;;1124435
2020-04-26;-17115;-8351;-4067;-11254;-10649;1091;;-8391;;1116044
2020-04-27;-19418;-8351;-15897;-11894;-10759;552;;-10961;;1105083
2020-04-28;-17583;-8457;-16557;-10769;-13157;-357;;-11147;;1060936
2020-04-29;-16180;-7642;-16054;-10879;-14083;-1288;;-11021;;1049915
2020-04-30;-16180;-7402;-17595;-10879;-14083;-1907;;-11341;;1038574
2020-05-01;-16055;-9880;-21916;-18127;-12729;-1698;;-13401;;1174799
2020-05-02;-8898;-8780;-21916;-17211;-11659;-1555;;-11670;;1163129
2020-05-03;-7556;-8021;-10102;-8792;2640;-11480;;-7218;;1155911
2020-05-04;-7927;-9377;-9585;-10030;1363;-10813;;-7728;;1139183
2020-05-05;-7960;-9272;-11358;-9920;251;-10093;;-8059;;1109124
2020-05-06;-7960;-9020;-11722;-9920;7352;-9405;;-6779;;1102345
2020-05-07;-7960;-10228;-8087;-2589;7292;-9058;;-5105;;1029052
2020-05-08;-6337;-6591;-8087;-951;7134;-8810;;-3940;;1489892
2020-05-09;-5989;-8208;-8087;-213;6918;-8746;;-4054;;1485838
2020-05-10;-5334;-7824;-7668;-6929;6500;-8735;;-4998;;1480840
2020-05-11;-5630;-14487;-8138;-19080;5708;-8979;;-8434;;1472406
2020-05-12;-7765;-14487;-9646;-19080;4613;-9416;;-9297;;1450109
2020-05-13;-7765;-12656;-7742;-19080;3445;-10033;;-8972;;1441137
2020-05-14;-7765;-13933;-8228;-20479;2122;-10978;;-9877;;1402260
2020-04-15;-15004;-10468;-14719;-8228;-21574;1463;;-11422;;1370838
2020-04-16;-15004;-10566;-15380;-8228;-19754;977;;-11326;;1359512
2020-04-17;-15004;-12527;-20479;-12540;-24314;547;;-14053;;1345459
2020-04-18;-14106;-13156;-12459;-13405;-13290;290;;-11021;;1334438
2020-04-19;-15178;-11975;-12459;-11624;-13290;447;;-10680;;1310758
2020-04-20;-12100;-11975;-15287;-12687;-13290;683;;-10776;;1299982
2020-04-21;-11855;-11975;-12658;-13383;-14589;1560;;-10483;;1269499
2020-04-22;-8968;-9699;-11730;-13383;-11928;1960;;-8958;;1257541
2020-04-23;-8968;-9841;-9309;-13383;-16061;2127;;-9239;;1248302
2020-04-24;-8968;-8877;-4067;-9761;-13723;1917;;-7246;;1241056
2020-04-25;-10683;-8163;-4067;-10455;-10649;1599;;-7070;;1228986
2020-04-26;-17115;-8351;-4067;-11254;-10649;1091;;-8391;;1207595
2020-04-27;-19418;-8351;-15897;-11894;-10759;552;;-10961;;1196634
2020-04-28;-17583;-8457;-16557;-10769;-13157;-357;;-11147;;1165487
2020-04-29;-16180;-7642;-16054;-10879;-14083;-1288;;-11021;;1154466
2020-04-30;-16180;-7402;-17595;-10879;-14083;-1907;;-11341;;1143125
2020-05-01;-16055;-9880;-21916;-18127;-12729;-1698;;-13401;;1129724
2020-05-01;-16055;-9880;-21916;-18127;-12729;-1698;;-13401;;1116323
2020-05-02;-8898;-8780;-21916;-17211;-11659;-1555;;-11670;;1091653
2020-05-03;-7556;-8021;-10102;-8792;2640;-11480;;-7218;;1234061
2020-05-04;-7927;-9377;-9585;-10030;1363;-10813;;-7728;;1217333
2020-05-05;-7960;-9272;-11358;-9920;251;-10093;;-8059;;1132086
2020-05-06;-7960;-9020;-11722;-9920;7352;-9405;;-6779;;1125307
2020-05-07;-7960;-10228;-8087;-2589;7292;-9058;;-5105;;1120202
2020-05-08;-6337;-6591;-8087;-951;7134;-8810;;-3940;;1060592
2020-05-09;-5989;-8208;-8087;-213;6918;-8746;;-4054;;1043538
2020-05-10;-5334;-7824;-7668;-6929;6500;-8735;;-4998;;1558990
2020-05-11;-5630;-14487;-8138;-19080;5708;-8979;;-8434;;1550556
2020-05-12;-7765;-14487;-9646;-19080;4613;-9416;;-9297;;1512259
2020-05-13;-7765;-12656;-7742;-19080;3445;-10033;;-8972;;1503287
2020-05-14;-7765;-13933;-8228;-20479;2122;-10978;;-9877;;1493410
2020-04-15;-15004;-10468;-14719;-8228;-21574;1463;;-11422;;1461988
2020-04-16;-15004;-10566;-15380;-8228;-19754;977;;-11326;;1437662
2020-04-17;-15004;-12527;-20479;-12540;-24314;547;;-14053;;1423609
2020-04-18;-14106;-13156;-12459;-13405;-13290;290;;-11021;;1412588
2020-04-19;-15178;-11975;-12459;-11624;-13290;447;;-10680;;1171908
2020-04-20;-12100;-11975;-15287;-12687;-13290;683;;-10776;;1161132
2020-04-21;-11855;-11975;-12658;-13383;-14589;1560;;-10483;;1150649
2020-04-22;-8968;-9699;-11730;-13383;-11928;1960;;-8958;;1131691
2020-04-23;-8968;-9841;-9309;-13383;-16061;2127;;-9239;;1116452
2020-04-24;-8968;-8877;-4067;-9761;-13723;1917;;-7246;;1109206
2020-04-25;-10683;-8163;-4067;-10455;-10649;1599;;-7070;;1097136
2020-04-26;-17115;-8351;-4067;-11254;-10649;1091;;-8391;;1038745
2020-04-27;-19418;-8351;-15897;-11894;-10759;552;;-10961;;1027784
2020-04-28;-17583;-8457;-16557;-10769;-13157;-357;;-11147;;1016637
2020-04-29;-16180;-7642;-16054;-10879;-14083;-1288;;-11021;;1005616
2020-04-30;-16180;-7402;-17595;-10879;-14083;-1907;;-11341;;981275
2020-05-01;-16055;-9880;-21916;-18127;-12729;-1698;;-13401;;967874
2020-05-02;-8898;-8780;-21916;-17211;-11659;-1555;;-11670;;956204
2020-05-03;-7556;-8021;-10102;-8792;2640;-11480;;-7218;;1040612
2020-05-04;-7927;-9377;-9585;-10030;1363;-10813;;-7728;;1032884
2020-05-05;-7960;-9272;-11358;-9920;251;-10093;;-8059;;1024825
2020-05-06;-7960;-9020;-11722;-9920;7352;-9405;;-6779;;1018046
2020-05-07;-7960;-10228;-8087;-2589;7292;-9058;;-5105;;931753
2020-05-08;-6337;-6591;-8087;-951;7134;-8810;;-3940;;872143
2020-05-09;-5989;-8208;-8087;-213;6918;-8746;;-4054;;868089
2020-05-10;-5334;-7824;-7668;-6929;6500;-8735;;-4998;;1353541
2020-05-11;-5630;-14487;-8138;-19080;5708;-8979;;-8434;;1345107
2020-05-12;-7765;-14487;-9646;-19080;4613;-9416;;-9297;;1335810
2020-05-13;-7765;-12656;-7742;-19080;3445;-10033;;-8972;;1326838
2020-05-14;-7765;-13933;-8228;-20479;2122;-10978;;-9877;;1274961
2020-04-15;-15004;-10468;-14719;-8228;-21574;1463;;-11422;;1243539
2020-04-16;-15004;-10566;-15380;-8228;-19754;977;;-11326;;1232213
2020-04-17;-15004;-12527;-20479;-12540;-24314;547;;-14053;;1218160
2020-04-18;-14106;-13156;-12459;-13405;-13290;290;;-11021;;1207139
2020-04-19;-15178;-11975;-12459;-11624;-13290;447;;-10680;;1196459
2020-04-20;-12100;-11975;-15287;-12687;-13290;683;;-10776;;1185683
2020-04-21;-11855;-11975;-12658;-13383;-14589;1560;;-10483;;1142200
2020-04-22;-8968;-9699;-11730;-13383;-11928;1960;;-8958;;1123242
2020-04-23;-8968;-9841;-9309;-13383;-16061;2127;;-9239;;1121003
2020-04-24;-8968;-8877;-4067;-9761;-13723;1917;;-7246;;908757
2020-04-25;-10683;-8163;-4067;-10455;-10649;1599;;-7070;;901687
2020-04-26;-17115;-8351;-4067;-11254;-10649;1091;;-8391;;893296
2020-04-27;-19418;-8351;-15897;-11894;-10759;552;;-10961;;882335
2020-04-28;-17583;-8457;-16557;-10769;-13157;-357;;-11147;;838188
2020-04-29;-16180;-7642;-16054;-10879;-14083;-1288;;-11021;;827167
2020-04-30;-16180;-7402;-17595;-10879;-14083;-1907;;-11341;;815826
2020-05-01;-16055;-9880;-21916;-18127;-12729;-1698;;-13401;;802425
2020-05-01;-16055;-9880;-21916;-18127;-12729;-1698;;-13401;;789024
2020-05-02;-8898;-8780;-21916;-17211;-11659;-1555;;-11670;;777354
2020-05-03;-7556;-8021;-10102;-8792;2640;-11480;;-7218;;879762
2020-05-04;-7927;-9377;-9585;-10030;1363;-10813;;-7728;;850034
2020-05-05;-7960;-9272;-11358;-9920;251;-10093;;-8059;;812975
2020-05-06;-7960;-9020;-11722;-9920;7352;-9405;;-6779;;806196
2020-05-07;-7960;-10228;-8087;-2589;7292;-9058;;-5105;;677233
2020-05-08;-6337;-6591;-8087;-951;7134;-8810;;-3940;;673293
2020-05-09;-5989;-8208;-8087;-213;6918;-8746;;-4054;;669239
2020-05-10;-5334;-7824;-7668;-6929;6500;-8735;;-4998;;1184691
2020-05-11;-5630;-14487;-8138;-19080;5708;-8979;;-8434;;1163257
2020-05-12;-7765;-14487;-9646;-19080;4613;-9416;;-9297;;1153960
2020-05-13;-7765;-12656;-7742;-19080;3445;-10033;;-8972;;1144988
2020-05-14;-7765;-13933;-8228;-20479;2122;-10978;;-9877;;1086111
2020-04-15;-15004;-10468;-14719;-8228;-21574;1463;;-11422;;1074689
2020-04-16;-15004;-10566;-15380;-8228;-19754;977;;-11326;;1063363
2020-04-17;-15004;-12527;-20479;-12540;-24314;547;;-14053;;1049310
2020-04-18;-14106;-13156;-12459;-13405;-13290;290;;-11021;;1025289
2020-04-19;-15178;-11975;-12459;-11624;-13290;447;;-10680;;1014609
2020-04-20;-12100;-11975;-15287;-12687;-13290;683;;-10776;;1003833
2020-04-21;-11855;-11975;-12658;-13383;-14589;1560;;-10483;;970350
2020-04-22;-8968;-9699;-11730;-13383;-11928;1960;;-8958;;961392
2020-04-23;-8968;-9841;-9309;-13383;-16061;2127;;-9239;;952153
2020-04-24;-8968;-8877;-4067;-9761;-13723;1917;;-7246;;944907
2020-04-25;-10683;-8163;-4067;-10455;-10649;1599;;-7070;;919837
2020-04-26;-17115;-8351;-4067;-11254;-10649;1091;;-8391;;911446
2020-04-27;-19418;-8351;-15897;-11894;-10759;552;;-10961;;900485
2020-04-28;-17583;-8457;-16557;-10769;-13157;-357;;-11147;;869338
2020-04-29;-16180;-7642;-16054;-10879;-14083;-1288;;-11021;;858317
2020-04-30;-16180;-7402;-17595;-10879;-14083;-1907;;-11341;;846976
2020-05-01;-16055;-9880;-21916;-18127;-12729;-1698;;-13401;;833575
2020-05-01;-16055;-9880;-21916;-18127;-12729;-1698;;-13401;;807174
2020-05-02;-8898;-8780;-21916;-17211;-11659;-1555;;-11670;;795504
2020-05-03;-7556;-8021;-10102;-8792;2640;-11480;;-7218;;897912
2020-05-04;-7927;-9377;-9585;-10030;1363;-10813;;-7728;;868184
2020-05-05;-7960;-9272;-11358;-9920;251;-10093;;-8059;;860125
2020-05-06;-7960;-9020;-11722;-9920;7352;-9405;;-6779;;853346
2020-05-07;-7960;-10228;-8087;-2589;7292;-9058;;-5105;;780053
2020-05-08;-6337;-6591;-8087;-951;7134;-8810;;-3940;;707443
2020-05-09;-5989;-8208;-8087;-213;6918;-8746;;-4054;;703389
2020-05-10;-5334;-7824;-7668;-6929;6500;-8735;;-4998;;1218841
2020-05-11;-5630;-14487;-8138;-19080;5708;-8979;;-8434;;1210407
2020-05-12;-7765;-14487;-9646;-19080;4613;-9416;;-9297;;1201110
2020-05-13;-7765;-12656;-7742;-19080;3445;-10033;;-8972;;1192138
2020-05-14;-7765;-13933;-8228;-20479;2122;-10978;;-9877;;1153261
2020-04-15;-15004;-10468;-14719;-8228;-21574;1463;;-11422;;1108839
2020-04-16;-15004;-10566;-15380;-8228;-19754;977;;-11326;;1097513
2020-04-17;-15004;-12527;-20479;-12540;-24314;547;;-14053;;1083460
2020-04-18;-14106;-13156;-12459;-13405;-13290;290;;-11021;;1072439
2020-04-19;-15178;-11975;-12459;-11624;-13290;447;;-10680;;1061759
2020-04-20;-12100;-11975;-15287;-12687;-13290;683;;-10776;;1050983
2020-04-21;-11855;-11975;-12658;-13383;-14589;1560;;-10483;;1020500
2020-04-22;-8968;-9699;-11730;-13383;-11928;1960;;-8958;;988542
2020-04-23;-8968;-9841;-9309;-13383;-16061;2127;;-9239;;986303
2020-04-24;-8968;-8877;-4067;-9761;-13723;1917;;-7246;;979057
2020-04-25;-10683;-8163;-4067;-10455;-10649;1599;;-7070;;966987
2020-04-26;-17115;-8351;-4067;-11254;-10649;1091;;-8391;;958596
2020-04-27;-19418;-8351;-15897;-11894;-10759;552;;-10961;;947635
2020-04-28;-17583;-8457;-16557;-10769;-13157;-357;;-11147;;916488
2020-04-29;-16180;-7642;-16054;-10879;-14083;-1288;;-11021;;892467
2020-04-30;-16180;-7402;-17595;-10879;-14083;-1907;;-11341;;881126
2020-05-01;-16055;-9880;-21916;-18127;-12729;-1698;;-13401;;867725
2020-05-02;-8898;-8780;-21916;-17211;-11659;-1555;;-11670;;956681
2020-05-03;-7556;-8021;-10102;-8792;2640;-11480;;-7218;;949463
2020-05-04;-7927;-9377;-9585;-10030;1363;-10813;;-7728;;941735
2020-05-05;-7960;-9272;-11358;-9920;251;-10093;;-8059;;924676
2020-05-06;-7960;-9020;-11722;-9920;7352;-9405;;-6779;;904897
2020-05-07;-7960;-10228;-8087;-2589;7292;-9058;;-5105;;831604
2020-05-08;-6337;-6591;-8087;-951;7134;-8810;;-3940;;795914
2020-05-09;-5989;-8208;-8087;-213;6918;-8746;;-4054;;1292310
2020-05-10;-5334;-7824;-7668;-6929;6500;-8735;;-4998;;1287312
2020-05-11;-5630;-14487;-8138;-19080;5708;-8979;;-8434;;1278878
2020-05-12;-7765;-14487;-9646;-19080;4613;-9416;;-9297;;1269581
2020-05-13;-7765;-12656;-7742;-19080;3445;-10033;;-8972;;1247609
2020-05-14;-7765;-13933;-8228;-20479;2122;-10978;;-9877;;1208732
2020-04-15;-15004;-10468;-14719;-8228;-21574;1463;;-11422;;1177310
2020-04-16;-15004;-10566;-15380;-8228;-19754;977;;-11326;;1165984
2020-04-17;-15004;-12527;-20479;-12540;-24314;547;;-14053;;1151931
2020-04-18;-14106;-13156;-12459;-13405;-13290;290;;-11021;;1140910
2020-04-19;-15178;-11975;-12459;-11624;-13290;447;;-10680;;1130230
2020-04-20;-12100;-11975;-15287;-12687;-13290;683;;-10776;;1106454
2020-04-21;-11855;-11975;-12658;-13383;-14589;1560;;-10483;;1075971
2020-04-22;-8968;-9699;-11730;-13383;-11928;1960;;-8958;;1057013
2020-04-23;-8968;-9841;-9309;-13383;-16061;2127;;-9239;;1049774
2020-04-24;-8968;-8877;-4067;-9761;-13723;1917;;-7246;;1042528
2020-04-25;-10683;-8163;-4067;-10455;-10649;1599;;-7070;;1035458
2020-04-26;-17115;-8351;-4067;-11254;-10649;1091;;-8391;;1027067
2020-04-27;-19418;-8351;-15897;-11894;-10759;552;;-10961;;1003106
2020-04-28;-17583;-8457;-16557;-10769;-13157;-357;;-11147;;971959
2020-04-29;-16180;-7642;-16054;-10879;-14083;-1288;;-11021;;960938
2020-04-30;-16180;-7402;-17595;-10879;-14083;-1907;;-11341;;949597
2020-05-01;-16055;-9880;-21916;-18127;-12729;-1698;;-13401;;936196
2020-05-01;-16055;-9880;-21916;-18127;-12729;-1698;;-13401;;922795
2020-05-02;-8898;-8780;-21916;-17211;-11659;-1555;;-11670;;911125
2020-05-03;-7556;-8021;-10102;-8792;2640;-11480;;-7218;;1000533
2020-05-04;-7927;-9377;-9585;-10030;1363;-10813;;-7728;;983805
2020-05-05;-7960;-9272;-11358;-9920;251;-10093;;-8059;;966746
2020-05-06;-7960;-9020;-11722;-9920;7352;-9405;;-6779;;860029
2020-05-07;-7960;-10228;-8087;-2589;7292;-9058;;-5105;;854924
2020-05-08;-6337;-6591;-8087;-951;7134;-8810;;-3940;;850984
2020-05-09;-5989;-8208;-8087;-213;6918;-8746;;-4054;;846930
2020-05-10;-5334;-7824;-7668;-6929;6500;-8735;;-4998;;1349382
2020-05-11;-5630;-14487;-8138;-19080;5708;-8979;;-8434;;1340948
2020-05-12;-7765;-14487;-9646;-19080;4613;-9416;;-9297;;1331651
2020-05-13;-7765;-12656;-7742;-19080;3445;-10033;;-8972;;1273679
2020-05-14;-7765;-13933;-8228;-20479;2122;-10978;;-9877;;1263802
2020-04-15;-15004;-10468;-14719;-8228;-21574;1463;;-11422;;1252380
2020-04-16;-15004;-10566;-15380;-8228;-19754;977;;-11326;;1241054
2020-04-17;-15004;-12527;-20479;-12540;-24314;547;;-14053;;1214001
2020-04-18;-14106;-13156;-12459;-13405;-13290;290;;-11021;;1202980
2020-04-19;-15178;-11975;-12459;-11624;-13290;447;;-10680;;1192300
2020-04-20;-12100;-11975;-15287;-12687;-13290;683;;-10776;;1151524
2020-04-21;-11855;-11975;-12658;-13383;-14589;1560;;-10483;;1141041
2020-04-22;-8968;-9699;-11730;-13383;-11928;1960;;-8958;;1132083
2020-04-23;-8968;-9841;-9309;-13383;-16061;2127;;-9239;;1129844
2020-04-24;-8968;-8877;-4067;-9761;-13723;1917;;-7246;;1109598
2020-04-25;-10683;-8163;-4067;-10455;-10649;1599;;-7070;;1097528
2020-04-26;-17115;-8351;-4067;-11254;-10649;1091;;-8391;;1089137
2020-04-27;-19418;-8351;-15897;-11894;-10759;552;;-10961;;1058176
2020-04-28;-17583;-8457;-16557;-10769;-13157;-357;;-11147;;1047029
2020-04-29;-16180;-7642;-16054;-10879;-14083;-1288;;-11021;;1036008
2020-04-30;-16180;-7402;-17595;-10879;-14083;-1907;;-11341;;1024667
2020-05-01;-16055;-9880;-21916;-18127;-12729;-1698;;-13401;;998266
2020-05-02;-8898;-8780;-21916;-17211;-11659;-1555;;-11670;;986596
2020-05-03;-7556;-8021;-10102;-8792;2640;-11480;;-7218;;1089004
2020-05-04;-7927;-9377;-9585;-10030;1363;-10813;;-7728;;1063276
2020-05-05;-7960;-9272;-11358;-9920;251;-10093;;-8059;;1055217
2020-05-06;-7960;-9020;-11722;-9920;7352;-9405;;-6779;;1048438
2020-05-07;-7960;-10228;-8087;-2589;7292;-9058;;-5105;;975145
2020-05-08;-6337;-6591;-8087;-951;7134;-8810;;-3940;;926455
2020-05-09;-5989;-8208;-8087;-213;6918;-8746;;-4054;;922401
2020-05-10;-5334;-7824;-7668;-6929;6500;-8735;;-4998;;1657853
2020-05-11;-5630;-14487;-8138;-19080;5708;-8979;;-8434;;1649419
2020-05-12;-7765;-14487;-9646;-19080;4613;-9416;;-9297;;1640122
2020-05-13;-7765;-12656;-7742;-19080;3445;-10033;;-8972;;1631150
2020-05-14;-7765;-13933;-8228;-20479;2122;-10978;;-9877;;1592273
2020-04-15;-15004;-10468;-14719;-8228;-21574;1463;;-11422;;1547851
2020-04-16;-15004;-10566;-15380;-8228;-19754;977;;-11326;;1536525
2020-04-17;-15004;-12527;-20479;-12540;-24314;547;;-14053;;1522472
2020-04-18;-14106;-13156;-12459;-13405;-13290;290;;-11021;;1511451
2020-04-19;-15178;-11975;-12459;-11624;-13290;447;;-10680;;1500771
2020-04-20;-12100;-11975;-15287;-12687;-13290;683;;-10776;;1489995
2020-04-21;-11855;-11975;-12658;-13383;-14589;1560;;-10483;;1459512
2020-04-22;-8968;-9699;-11730;-13383;-11928;1960;;-8958;;1427554
2020-04-23;-8968;-9841;-9309;-13383;-16061;2127;;-9239;;1425315
2020-04-24;-8968;-8877;-4067;-9761;-13723;1917;;-7246;;1418069
2020-04-25;-10683;-8163;-4067;-10455;-10649;1599;;-7070;;1405999
2020-04-26;-17115;-8351;-4067;-11254;-10649;1091;;-8391;;1397608
2020-04-27;-19418;-8351;-15897;-11894;-10759;552;;-10961;;1386647
2020-04-28;-17583;-8457;-16557;-10769;-13157;-357;;-11147;;1325500
2020-04-29;-16180;-7642;-16054;-10879;-14083;-1288;;-11021;;1301479
2020-04-30;-16180;-7402;-17595;-10879;-14083;-1907;;-11341;;1290138
2020-05-01;-16055;-9880;-21916;-18127;-12729;-1698;;-13401;;1276737
2020-05-01;-16055;-9880;-21916;-18127;-12729;-1698;;-13401;;1372962
2020-05-02;-8898;-8780;-21916;-17211;-11659;-1555;;-11670;;1361292
2020-05-03;-7556;-8021;-10102;-8792;2640;-11480;;-7218;;1354074
2020-05-04;-7927;-9377;-9585;-10030;1363;-10813;;-7728;;1337346
2020-05-05;-7960;-9272;-11358;-9920;251;-10093;;-8059;;1272287
2020-05-06;-7960;-9020;-11722;-9920;7352;-9405;;-6779;;1265508
2020-05-07;-7960;-10228;-8087;-2589;7292;-9058;;-5105;;1192215
2020-05-08;-6337;-6591;-8087;-951;7134;-8810;;-3940;;1676975
2020-05-09;-5989;-8208;-8087;-213;6918;-8746;;-4054;;1672921
2020-05-10;-5334;-7824;-7668;-6929;6500;-8735;;-4998;;1667923
2020-05-11;-5630;-14487;-8138;-19080;5708;-8979;;-8434;;1659489
2020-05-12;-7765;-14487;-9646;-19080;4613;-9416;;-9297;;1637192
2020-05-13;-7765;-12656;-7742;-19080;3445;-10033;;-8972;;1628220
2020-05-14;-7765;-13933;-8228;-20479;2122;-10978;;-9877;;1589343
2020-04-15;-15004;-10468;-14719;-8228;-21574;1463;;-11422;;1557921
2020-04-16;-15004;-10566;-15380;-8228;-19754;977;;-11326;;1546595
2020-04-17;-15004;-12527;-20479;-12540;-24314;547;;-14053;;1532542
2020-04-18;-14106;-13156;-12459;-13405;-13290;290;;-11021;;1521521
2020-04-19;-15178;-11975;-12459;-11624;-13290;447;;-10680;;1497841
2020-04-20;-12100;-11975;-15287;-12687;-13290;683;;-10776;;1487065
2020-04-21;-11855;-11975;-12658;-13383;-14589;1560;;-10483;;1456582
2020-04-22;-8968;-9699;-11730;-13383;-11928;1960;;-8958;;1444624
2020-04-23;-8968;-9841;-9309;-13383;-16061;2127;;-9239;;1435385
2020-04-24;-8968;-8877;-4067;-9761;-13723;1917;;-7246;;1428139
2020-04-25;-10683;-8163;-4067;-10455;-10649;1599;;-7070;;1416069
2020-04-26;-17115;-8351;-4067;-11254;-10649;1091;;-8391;;1394678
2020-04-27;-19418;-8351;-15897;-11894;-10759;552;;-10961;;1383717
2020-04-28;-17583;-8457;-16557;-10769;-13157;-357;;-11147;;1352570
2020-04-29;-16180;-7642;-16054;-10879;-14083;-1288;;-11021;;1341549
2020-04-30;-16180;-7402;-17595;-10879;-14083;-1907;;-11341;;1330208
2020-05-01;-16055;-9880;-21916;-18127;-12729;-1698;;-13401;;1316807
2020-05-01;-16055;-9880;-21916;-18127;-12729;-1698;;-13401;;1303406
2020-05-02;-8898;-8780;-21916;-17211;-11659;-1555;;-11670;;1278736
2020-05-03;-7556;-8021;-10102;-8792;2640;-11480;;-7218;;1381144
2020-05-04;-7927;-9377;-9585;-10030;1363;-10813;;-7728;;1364416
2020-05-05;-7960;-9272;-11358;-9920;251;-10093;;-8059;;1279169
2020-05-06;-7960;-9020;-11722;-9920;7352;-9405;;-6779;;1272390
2020-05-07;-7960;-10228;-8087;-2589;7292;-9058;;-5105;;1267285
2020-05-08;-6337;-6591;-8087;-951;7134;-8810;;-3940;;1231595
2020-05-09;-5989;-8208;-8087;-213;6918;-8746;;-4054;;1214541
2020-05-10;-5334;-7824;-7668;-6929;6500;-8735;;-4998;;1729993
2020-05-11;-5630;-14487;-8138;-19080;5708;-8979;;-8434;;1721559
2020-05-12;-7765;-14487;-9646;-19080;4613;-9416;;-9297;;1683262
2020-05-13;-7765;-12656;-7742;-19080;3445;-10033;;-8972;;1674290
2020-05-14;-7765;-13933;-8228;-20479;2122;-10978;;-9877;;1664413
2020-04-15;-15004;-10468;-14719;-8228;-21574;1463;;-11422;;1632991
2020-04-16;-15004;-10566;-15380;-8228;-19754;977;;-11326;;1608665
2020-04-17;-15004;-12527;-20479;-12540;-24314;547;;-14053;;1594612
2020-04-18;-14106;-13156;-12459;-13405;-13290;290;;-11021;;1583591
2020-04-19;-15178;-11975;-12459;-11624;-13290;447;;-10680;;1552911
2020-04-20;-12100;-11975;-15287;-12687;-13290;683;;-10776;;1542135
2020-04-21;-11855;-11975;-12658;-13383;-14589;1560;;-10483;;1531652
2020-04-22;-8968;-9699;-11730;-13383;-11928;1960;;-8958;;1512694
2020-04-23;-8968;-9841;-9309;-13383;-16061;2127;;-9239;;1497455
2020-04-24;-8968;-8877;-4067;-9761;-13723;1917;;-7246;;1490209
2020-04-25;-10683;-8163;-4067;-10455;-10649;1599;;-7070;;1478139
2020-04-26;-17115;-8351;-4067;-11254;-10649;1091;;-8391;;1449748
2020-04-27;-19418;-8351;-15897;-11894;-10759;552;;-10961;;1438787
2020-04-28;-17583;-8457;-16557;-10769;-13157;-357;;-11147;;1427640
